,alpha,Y,Kernel,K.sigma,b,A,B
0,0.1268690684582493,-1.0,RBF,0.717,0.45514550693537803,-11.130493285816904,0.6076684688749623
1,2.4672437026358778,-1.0,RBF,0.717,0.45514550693537803,-11.130493285816904,0.6076684688749623
2,0.35887305892722476,1.0,RBF,0.717,0.45514550693537803,-11.130493285816904,0.6076684688749623
3,1.2826418004483249,-1.0,RBF,0.717,0.45514550693537803,-11.130493285816904,0.6076684688749623
4,0.2662070310750386,1.0,RBF,0.717,0.45514550693537803,-11.130493285816904,0.6076684688749623
5,0.43981678179096667,-1.0,RBF,0.717,0.45514550693537803,-11.130493285816904,0.6076684688749623
6,-0.5851473814457966,1.0,RBF,0.717,0.45514550693537803,-11.130493285816904,0.6076684688749623
7,1.7759362233897964,-1.0,RBF,0.717,0.45514550693537803,-11.130493285816904,0.6076684688749623
8,1.9586156135994188,-1.0,RBF,0.717,0.45514550693537803,-11.130493285816904,0.6076684688749623
9,1.1016553590874352,1.0,RBF,0.717,0.45514550693537803,-11.130493285816904,0.6076684688749623
10,0.25699503527694606,1.0,RBF,0.717,0.45514550693537803,-11.130493285816904,0.6076684688749623
11,2.799842532479007,1.0,RBF,0.717,0.45514550693537803,-11.130493285816904,0.6076684688749623
12,0.8118943380394968,-1.0,RBF,0.717,0.45514550693537803,-11.130493285816904,0.6076684688749623
13,3.539444301351134,-1.0,RBF,0.717,0.45514550693537803,-11.130493285816904,0.6076684688749623
14,1.631434463048266,1.0,RBF,0.717,0.45514550693537803,-11.130493285816904,0.6076684688749623
15,4.428161611462708,-1.0,RBF,0.717,0.45514550693537803,-11.130493285816904,0.6076684688749623
16,0.22389778892592013,1.0,RBF,0.717,0.45514550693537803,-11.130493285816904,0.6076684688749623
17,2.3870895990262273,-1.0,RBF,0.717,0.45514550693537803,-11.130493285816904,0.6076684688749623
18,1.5937484738402166,1.0,RBF,0.717,0.45514550693537803,-11.130493285816904,0.6076684688749623
19,1.2544895093498658,1.0,RBF,0.717,0.45514550693537803,-11.130493285816904,0.6076684688749623
20,-0.3469741442023041,1.0,RBF,0.717,0.45514550693537803,-11.130493285816904,0.6076684688749623
21,0.257639310793043,1.0,RBF,0.717,0.45514550693537803,-11.130493285816904,0.6076684688749623
22,0.9399842370724006,1.0,RBF,0.717,0.45514550693537803,-11.130493285816904,0.6076684688749623
23,1.0376094836407297,1.0,RBF,0.717,0.45514550693537803,-11.130493285816904,0.6076684688749623
24,1.5691508141013417,1.0,RBF,0.717,0.45514550693537803,-11.130493285816904,0.6076684688749623
25,-0.5056081983783893,1.0,RBF,0.717,0.45514550693537803,-11.130493285816904,0.6076684688749623
26,-0.5139262059309742,1.0,RBF,0.717,0.45514550693537803,-11.130493285816904,0.6076684688749623
27,0.7830334632420115,1.0,RBF,0.717,0.45514550693537803,-11.130493285816904,0.6076684688749623
28,0.15588395768530636,1.0,RBF,0.717,0.45514550693537803,-11.130493285816904,0.6076684688749623
29,0.5642596586169437,1.0,RBF,0.717,0.45514550693537803,-11.130493285816904,0.6076684688749623
30,0.5229219600129489,1.0,RBF,0.717,0.45514550693537803,-11.130493285816904,0.6076684688749623
31,0.18901361653162982,1.0,RBF,0.717,0.45514550693537803,-11.130493285816904,0.6076684688749623
32,2.1303661025053358,1.0,RBF,0.717,0.45514550693537803,-11.130493285816904,0.6076684688749623
33,0.7878356208493124,1.0,RBF,0.717,0.45514550693537803,-11.130493285816904,0.6076684688749623
34,0.30586348828580295,1.0,RBF,0.717,0.45514550693537803,-11.130493285816904,0.6076684688749623
35,3.7231248841913405,1.0,RBF,0.717,0.45514550693537803,-11.130493285816904,0.6076684688749623
36,0.32697609070377603,1.0,RBF,0.717,0.45514550693537803,-11.130493285816904,0.6076684688749623
37,3.157954633424887,-1.0,RBF,0.717,0.45514550693537803,-11.130493285816904,0.6076684688749623
38,2.7798981753891905,-1.0,RBF,0.717,0.45514550693537803,-11.130493285816904,0.6076684688749623
39,0.5025370543160408,-1.0,RBF,0.717,0.45514550693537803,-11.130493285816904,0.6076684688749623
40,0.8084293507902361,1.0,RBF,0.717,0.45514550693537803,-11.130493285816904,0.6076684688749623
41,0.522766450610147,1.0,RBF,0.717,0.45514550693537803,-11.130493285816904,0.6076684688749623
42,0.19617826433406743,1.0,RBF,0.717,0.45514550693537803,-11.130493285816904,0.6076684688749623
43,0.4115777854719106,1.0,RBF,0.717,0.45514550693537803,-11.130493285816904,0.6076684688749623
44,0.22481103317840614,1.0,RBF,0.717,0.45514550693537803,-11.130493285816904,0.6076684688749623
45,0.7684876734362213,1.0,RBF,0.717,0.45514550693537803,-11.130493285816904,0.6076684688749623
46,0.044666214931412054,1.0,RBF,0.717,0.45514550693537803,-11.130493285816904,0.6076684688749623
47,0.406159698721157,1.0,RBF,0.717,0.45514550693537803,-11.130493285816904,0.6076684688749623
48,0.9786884175865286,1.0,RBF,0.717,0.45514550693537803,-11.130493285816904,0.6076684688749623
49,2.08415629367242,1.0,RBF,0.717,0.45514550693537803,-11.130493285816904,0.6076684688749623
50,0.8752224268869458,1.0,RBF,0.717,0.45514550693537803,-11.130493285816904,0.6076684688749623
51,1.0905965674770997,1.0,RBF,0.717,0.45514550693537803,-11.130493285816904,0.6076684688749623
52,0.6879943162883038,-1.0,RBF,0.717,0.45514550693537803,-11.130493285816904,0.6076684688749623
53,0.21751333857754718,1.0,RBF,0.717,0.45514550693537803,-11.130493285816904,0.6076684688749623
54,1.7474282971427397,-1.0,RBF,0.717,0.45514550693537803,-11.130493285816904,0.6076684688749623
55,2.332007628913701,1.0,RBF,0.717,0.45514550693537803,-11.130493285816904,0.6076684688749623
56,0.47144657639840987,1.0,RBF,0.717,0.45514550693537803,-11.130493285816904,0.6076684688749623
57,-0.07859082206721721,1.0,RBF,0.717,0.45514550693537803,-11.130493285816904,0.6076684688749623
58,2.502661644862621,-1.0,RBF,0.717,0.45514550693537803,-11.130493285816904,0.6076684688749623
59,0.833855070902955,1.0,RBF,0.717,0.45514550693537803,-11.130493285816904,0.6076684688749623
60,2.39799302010562,-1.0,RBF,0.717,0.45514550693537803,-11.130493285816904,0.6076684688749623
61,0.37884210599458795,1.0,RBF,0.717,0.45514550693537803,-11.130493285816904,0.6076684688749623
62,1.3210040270389511,1.0,RBF,0.717,0.45514550693537803,-11.130493285816904,0.6076684688749623
63,0.12082981988532192,1.0,RBF,0.717,0.45514550693537803,-11.130493285816904,0.6076684688749623
64,2.976052367259636,-1.0,RBF,0.717,0.45514550693537803,-11.130493285816904,0.6076684688749623
65,0.5389446697629633,1.0,RBF,0.717,0.45514550693537803,-11.130493285816904,0.6076684688749623
66,0.1424848067887727,1.0,RBF,0.717,0.45514550693537803,-11.130493285816904,0.6076684688749623
67,1.367767732968539,1.0,RBF,0.717,0.45514550693537803,-11.130493285816904,0.6076684688749623
68,1.3137265330680354,-1.0,RBF,0.717,0.45514550693537803,-11.130493285816904,0.6076684688749623
69,0.5460552900392225,-1.0,RBF,0.717,0.45514550693537803,-11.130493285816904,0.6076684688749623
70,0.09635359376945482,1.0,RBF,0.717,0.45514550693537803,-11.130493285816904,0.6076684688749623
71,2.1438826184588486,-1.0,RBF,0.717,0.45514550693537803,-11.130493285816904,0.6076684688749623
72,1.057344123693929,-1.0,RBF,0.717,0.45514550693537803,-11.130493285816904,0.6076684688749623
73,0.9251562909401363,1.0,RBF,0.717,0.45514550693537803,-11.130493285816904,0.6076684688749623
74,0.7528652364397279,1.0,RBF,0.717,0.45514550693537803,-11.130493285816904,0.6076684688749623
75,1.297116425225331,-1.0,RBF,0.717,0.45514550693537803,-11.130493285816904,0.6076684688749623
76,-0.29782085145263665,1.0,RBF,0.717,0.45514550693537803,-11.130493285816904,0.6076684688749623
77,1.779645012750746,-1.0,RBF,0.717,0.45514550693537803,-11.130493285816904,0.6076684688749623
78,-0.09972490782809777,1.0,RBF,0.717,0.45514550693537803,-11.130493285816904,0.6076684688749623
79,0.7022649716143247,-1.0,RBF,0.717,0.45514550693537803,-11.130493285816904,0.6076684688749623
80,0.25042383850903277,1.0,RBF,0.717,0.45514550693537803,-11.130493285816904,0.6076684688749623
81,0.862241332934679,1.0,RBF,0.717,0.45514550693537803,-11.130493285816904,0.6076684688749623
82,0.6473781646195577,1.0,RBF,0.717,0.45514550693537803,-11.130493285816904,0.6076684688749623
83,0.6620188405390817,1.0,RBF,0.717,0.45514550693537803,-11.130493285816904,0.6076684688749623
84,0.2240228971807085,1.0,RBF,0.717,0.45514550693537803,-11.130493285816904,0.6076684688749623
85,0.5172169899145902,1.0,RBF,0.717,0.45514550693537803,-11.130493285816904,0.6076684688749623
86,0.8740339208218852,-1.0,RBF,0.717,0.45514550693537803,-11.130493285816904,0.6076684688749623
87,1.5792346808407345,-1.0,RBF,0.717,0.45514550693537803,-11.130493285816904,0.6076684688749623
88,1.1920977631779195,-1.0,RBF,0.717,0.45514550693537803,-11.130493285816904,0.6076684688749623
89,0.9738875995248767,1.0,RBF,0.717,0.45514550693537803,-11.130493285816904,0.6076684688749623
90,1.147115043622157,-1.0,RBF,0.717,0.45514550693537803,-11.130493285816904,0.6076684688749623
91,1.8322719158810092,-1.0,RBF,0.717,0.45514550693537803,-11.130493285816904,0.6076684688749623
92,2.525120094184741,1.0,RBF,0.717,0.45514550693537803,-11.130493285816904,0.6076684688749623
93,0.8996594492952824,1.0,RBF,0.717,0.45514550693537803,-11.130493285816904,0.6076684688749623
94,1.0605078660125362,1.0,RBF,0.717,0.45514550693537803,-11.130493285816904,0.6076684688749623
95,0.7824589600407122,1.0,RBF,0.717,0.45514550693537803,-11.130493285816904,0.6076684688749623
96,1.0285183108629656,-1.0,RBF,0.717,0.45514550693537803,-11.130493285816904,0.6076684688749623
97,0.5325661818661135,1.0,RBF,0.717,0.45514550693537803,-11.130493285816904,0.6076684688749623
98,1.4777338150455008,1.0,RBF,0.717,0.45514550693537803,-11.130493285816904,0.6076684688749623
99,2.870185092103059,-1.0,RBF,0.717,0.45514550693537803,-11.130493285816904,0.6076684688749623
100,1.125628007362371,1.0,RBF,0.717,0.45514550693537803,-11.130493285816904,0.6076684688749623
101,0.49643149488317445,1.0,RBF,0.717,0.45514550693537803,-11.130493285816904,0.6076684688749623
102,0.7720485520268882,1.0,RBF,0.717,0.45514550693537803,-11.130493285816904,0.6076684688749623
103,0.13511532581539515,1.0,RBF,0.717,0.45514550693537803,-11.130493285816904,0.6076684688749623
104,0.03379889639957722,1.0,RBF,0.717,0.45514550693537803,-11.130493285816904,0.6076684688749623
105,3.6163607205752335,-1.0,RBF,0.717,0.45514550693537803,-11.130493285816904,0.6076684688749623
106,0.3445923481689971,-1.0,RBF,0.717,0.45514550693537803,-11.130493285816904,0.6076684688749623
107,0.8562259688472215,1.0,RBF,0.717,0.45514550693537803,-11.130493285816904,0.6076684688749623
108,1.5315237031634217,1.0,RBF,0.717,0.45514550693537803,-11.130493285816904,0.6076684688749623
109,-0.33383059558766925,1.0,RBF,0.717,0.45514550693537803,-11.130493285816904,0.6076684688749623
110,0.9485261826147428,-1.0,RBF,0.717,0.45514550693537803,-11.130493285816904,0.6076684688749623
111,1.3438927984078552,1.0,RBF,0.717,0.45514550693537803,-11.130493285816904,0.6076684688749623
112,0.8498691244977653,1.0,RBF,0.717,0.45514550693537803,-11.130493285816904,0.6076684688749623
113,1.5719847044293256,-1.0,RBF,0.717,0.45514550693537803,-11.130493285816904,0.6076684688749623
114,0.8776299587865893,1.0,RBF,0.717,0.45514550693537803,-11.130493285816904,0.6076684688749623
115,-0.1798827797749576,1.0,RBF,0.717,0.45514550693537803,-11.130493285816904,0.6076684688749623
116,5.926493255696178,-1.0,RBF,0.717,0.45514550693537803,-11.130493285816904,0.6076684688749623
117,-0.2403074052890221,1.0,RBF,0.717,0.45514550693537803,-11.130493285816904,0.6076684688749623
118,0.7587224210076862,-1.0,RBF,0.717,0.45514550693537803,-11.130493285816904,0.6076684688749623
119,1.1623442675190323,-1.0,RBF,0.717,0.45514550693537803,-11.130493285816904,0.6076684688749623
120,1.6846758725847415,1.0,RBF,0.717,0.45514550693537803,-11.130493285816904,0.6076684688749623
121,0.4780985341833742,1.0,RBF,0.717,0.45514550693537803,-11.130493285816904,0.6076684688749623
122,1.595076693047449,-1.0,RBF,0.717,0.45514550693537803,-11.130493285816904,0.6076684688749623
123,0.3657080569640749,1.0,RBF,0.717,0.45514550693537803,-11.130493285816904,0.6076684688749623
124,1.4160595504037796,1.0,RBF,0.717,0.45514550693537803,-11.130493285816904,0.6076684688749623
125,-0.401336367443201,1.0,RBF,0.717,0.45514550693537803,-11.130493285816904,0.6076684688749623
126,1.6615660144242366,1.0,RBF,0.717,0.45514550693537803,-11.130493285816904,0.6076684688749623
127,1.6998551020638315,-1.0,RBF,0.717,0.45514550693537803,-11.130493285816904,0.6076684688749623
128,0.15430072531098607,-1.0,RBF,0.717,0.45514550693537803,-11.130493285816904,0.6076684688749623
129,1.02678497241374,1.0,RBF,0.717,0.45514550693537803,-11.130493285816904,0.6076684688749623
130,0.9871652906399513,1.0,RBF,0.717,0.45514550693537803,-11.130493285816904,0.6076684688749623
131,0.42309976467821164,1.0,RBF,0.717,0.45514550693537803,-11.130493285816904,0.6076684688749623
132,0.8269046380226336,-1.0,RBF,0.717,0.45514550693537803,-11.130493285816904,0.6076684688749623
133,-0.37929609606542497,1.0,RBF,0.717,0.45514550693537803,-11.130493285816904,0.6076684688749623
134,0.12899145456146954,1.0,RBF,0.717,0.45514550693537803,-11.130493285816904,0.6076684688749623
135,0.04898735563349419,1.0,RBF,0.717,0.45514550693537803,-11.130493285816904,0.6076684688749623
136,1.1220650755966948,-1.0,RBF,0.717,0.45514550693537803,-11.130493285816904,0.6076684688749623
137,0.8754775442343548,1.0,RBF,0.717,0.45514550693537803,-11.130493285816904,0.6076684688749623
138,0.4626162128499964,1.0,RBF,0.717,0.45514550693537803,-11.130493285816904,0.6076684688749623
139,1.0283949897810187,1.0,RBF,0.717,0.45514550693537803,-11.130493285816904,0.6076684688749623
140,2.3017551440759285,1.0,RBF,0.717,0.45514550693537803,-11.130493285816904,0.6076684688749623
141,0.7031469346698538,1.0,RBF,0.717,0.45514550693537803,-11.130493285816904,0.6076684688749623
142,1.1135426690422765,-1.0,RBF,0.717,0.45514550693537803,-11.130493285816904,0.6076684688749623
143,2.936780596360198,1.0,RBF,0.717,0.45514550693537803,-11.130493285816904,0.6076684688749623
144,0.5359401348668863,1.0,RBF,0.717,0.45514550693537803,-11.130493285816904,0.6076684688749623
145,0.5865470797411113,1.0,RBF,0.717,0.45514550693537803,-11.130493285816904,0.6076684688749623
146,0.6034796264007873,-1.0,RBF,0.717,0.45514550693537803,-11.130493285816904,0.6076684688749623
147,0.5282210417568451,1.0,RBF,0.717,0.45514550693537803,-11.130493285816904,0.6076684688749623
148,-1.1756670896451809,1.0,RBF,0.717,0.45514550693537803,-11.130493285816904,0.6076684688749623
149,0.2843987552181744,1.0,RBF,0.717,0.45514550693537803,-11.130493285816904,0.6076684688749623
150,1.3190430792367245,-1.0,RBF,0.717,0.45514550693537803,-11.130493285816904,0.6076684688749623
151,0.9816144278750771,-1.0,RBF,0.717,0.45514550693537803,-11.130493285816904,0.6076684688749623
152,0.6231423278966182,1.0,RBF,0.717,0.45514550693537803,-11.130493285816904,0.6076684688749623
153,1.134392295495191,1.0,RBF,0.717,0.45514550693537803,-11.130493285816904,0.6076684688749623
154,1.8272405139087746,-1.0,RBF,0.717,0.45514550693537803,-11.130493285816904,0.6076684688749623
155,0.6834976416258265,-1.0,RBF,0.717,0.45514550693537803,-11.130493285816904,0.6076684688749623
156,-0.13273464376857946,1.0,RBF,0.717,0.45514550693537803,-11.130493285816904,0.6076684688749623
157,1.8048932040826375,-1.0,RBF,0.717,0.45514550693537803,-11.130493285816904,0.6076684688749623
158,-0.04965771424438924,1.0,RBF,0.717,0.45514550693537803,-11.130493285816904,0.6076684688749623
159,0.2538065793583087,1.0,RBF,0.717,0.45514550693537803,-11.130493285816904,0.6076684688749623
160,0.7459290349334458,1.0,RBF,0.717,0.45514550693537803,-11.130493285816904,0.6076684688749623
161,1.1201205325307986,-1.0,RBF,0.717,0.45514550693537803,-11.130493285816904,0.6076684688749623
162,-0.1717657027905711,1.0,RBF,0.717,0.45514550693537803,-11.130493285816904,0.6076684688749623
163,0.6595769401256919,1.0,RBF,0.717,0.45514550693537803,-11.130493285816904,0.6076684688749623
164,1.0719262198489048,1.0,RBF,0.717,0.45514550693537803,-11.130493285816904,0.6076684688749623
165,0.7873974039693244,1.0,RBF,0.717,0.45514550693537803,-11.130493285816904,0.6076684688749623
166,1.0874200390095152,1.0,RBF,0.717,0.45514550693537803,-11.130493285816904,0.6076684688749623
167,0.28244201856265827,1.0,RBF,0.717,0.45514550693537803,-11.130493285816904,0.6076684688749623
168,0.4295180605300451,1.0,RBF,0.717,0.45514550693537803,-11.130493285816904,0.6076684688749623
169,0.859952734601074,1.0,RBF,0.717,0.45514550693537803,-11.130493285816904,0.6076684688749623
170,2.874404220830069,-1.0,RBF,0.717,0.45514550693537803,-11.130493285816904,0.6076684688749623
171,0.7228301615362943,1.0,RBF,0.717,0.45514550693537803,-11.130493285816904,0.6076684688749623
172,0.5494506556670847,1.0,RBF,0.717,0.45514550693537803,-11.130493285816904,0.6076684688749623
173,1.0092990114838056,1.0,RBF,0.717,0.45514550693537803,-11.130493285816904,0.6076684688749623
174,0.4425907459245686,1.0,RBF,0.717,0.45514550693537803,-11.130493285816904,0.6076684688749623
175,0.6335929305175958,1.0,RBF,0.717,0.45514550693537803,-11.130493285816904,0.6076684688749623
176,-0.4860901520082594,1.0,RBF,0.717,0.45514550693537803,-11.130493285816904,0.6076684688749623
177,0.4209326560548679,1.0,RBF,0.717,0.45514550693537803,-11.130493285816904,0.6076684688749623
178,1.191604240719728,1.0,RBF,0.717,0.45514550693537803,-11.130493285816904,0.6076684688749623
179,1.8544449294756673,-1.0,RBF,0.717,0.45514550693537803,-11.130493285816904,0.6076684688749623
180,-0.2693366886146176,1.0,RBF,0.717,0.45514550693537803,-11.130493285816904,0.6076684688749623
181,1.2711633841748786,1.0,RBF,0.717,0.45514550693537803,-11.130493285816904,0.6076684688749623
182,-0.010800205098025078,1.0,RBF,0.717,0.45514550693537803,-11.130493285816904,0.6076684688749623
183,-0.09688919643453925,1.0,RBF,0.717,0.45514550693537803,-11.130493285816904,0.6076684688749623
184,0.3261192088819175,1.0,RBF,0.717,0.45514550693537803,-11.130493285816904,0.6076684688749623
185,0.5428073018188286,1.0,RBF,0.717,0.45514550693537803,-11.130493285816904,0.6076684688749623
186,1.065746409512776,-1.0,RBF,0.717,0.45514550693537803,-11.130493285816904,0.6076684688749623
187,1.112903775013162,1.0,RBF,0.717,0.45514550693537803,-11.130493285816904,0.6076684688749623
188,-0.0052886894303122,1.0,RBF,0.717,0.45514550693537803,-11.130493285816904,0.6076684688749623
189,0.22716150693492754,1.0,RBF,0.717,0.45514550693537803,-11.130493285816904,0.6076684688749623
190,-0.20175144856386473,1.0,RBF,0.717,0.45514550693537803,-11.130493285816904,0.6076684688749623
191,1.7574798335586568,1.0,RBF,0.717,0.45514550693537803,-11.130493285816904,0.6076684688749623
192,1.2306997476315855,1.0,RBF,0.717,0.45514550693537803,-11.130493285816904,0.6076684688749623
193,1.8945528523118325,1.0,RBF,0.717,0.45514550693537803,-11.130493285816904,0.6076684688749623
194,2.913030055651649,-1.0,RBF,0.717,0.45514550693537803,-11.130493285816904,0.6076684688749623
195,2.4200516152392817,-1.0,RBF,0.717,0.45514550693537803,-11.130493285816904,0.6076684688749623
196,1.5792308119847098,-1.0,RBF,0.717,0.45514550693537803,-11.130493285816904,0.6076684688749623
197,2.0776662644063233,1.0,RBF,0.717,0.45514550693537803,-11.130493285816904,0.6076684688749623
198,2.815751059149488,-1.0,RBF,0.717,0.45514550693537803,-11.130493285816904,0.6076684688749623
199,0.19251292679859783,1.0,RBF,0.717,0.45514550693537803,-11.130493285816904,0.6076684688749623
200,-0.19735959764814062,1.0,RBF,0.717,0.45514550693537803,-11.130493285816904,0.6076684688749623
201,0.6789812630293716,1.0,RBF,0.717,0.45514550693537803,-11.130493285816904,0.6076684688749623
202,0.7772948071975462,1.0,RBF,0.717,0.45514550693537803,-11.130493285816904,0.6076684688749623
203,2.0258143591669366,-1.0,RBF,0.717,0.45514550693537803,-11.130493285816904,0.6076684688749623
204,0.5802054755497775,-1.0,RBF,0.717,0.45514550693537803,-11.130493285816904,0.6076684688749623
205,1.1014545865608367,1.0,RBF,0.717,0.45514550693537803,-11.130493285816904,0.6076684688749623
206,2.3527512527933068,1.0,RBF,0.717,0.45514550693537803,-11.130493285816904,0.6076684688749623
207,2.7759301565991903,1.0,RBF,0.717,0.45514550693537803,-11.130493285816904,0.6076684688749623
208,1.8397277872150615,1.0,RBF,0.717,0.45514550693537803,-11.130493285816904,0.6076684688749623
209,1.1742613713522654,-1.0,RBF,0.717,0.45514550693537803,-11.130493285816904,0.6076684688749623
210,0.9456772125107031,1.0,RBF,0.717,0.45514550693537803,-11.130493285816904,0.6076684688749623
211,0.4228389266100881,1.0,RBF,0.717,0.45514550693537803,-11.130493285816904,0.6076684688749623
212,-1.0504798818532648,1.0,RBF,0.717,0.45514550693537803,-11.130493285816904,0.6076684688749623
213,0.07846142059961732,1.0,RBF,0.717,0.45514550693537803,-11.130493285816904,0.6076684688749623
214,-0.13131382494681507,1.0,RBF,0.717,0.45514550693537803,-11.130493285816904,0.6076684688749623
215,0.6760151893240853,1.0,RBF,0.717,0.45514550693537803,-11.130493285816904,0.6076684688749623
216,0.8701641599247844,1.0,RBF,0.717,0.45514550693537803,-11.130493285816904,0.6076684688749623
217,0.5680469557041234,-1.0,RBF,0.717,0.45514550693537803,-11.130493285816904,0.6076684688749623
218,2.061827479809229,1.0,RBF,0.717,0.45514550693537803,-11.130493285816904,0.6076684688749623
219,0.47981401027664433,1.0,RBF,0.717,0.45514550693537803,-11.130493285816904,0.6076684688749623
220,0.5056691314698163,-1.0,RBF,0.717,0.45514550693537803,-11.130493285816904,0.6076684688749623
221,0.25330542291077346,1.0,RBF,0.717,0.45514550693537803,-11.130493285816904,0.6076684688749623
222,0.7967913406253246,1.0,RBF,0.717,0.45514550693537803,-11.130493285816904,0.6076684688749623
223,0.42509711235090875,1.0,RBF,0.717,0.45514550693537803,-11.130493285816904,0.6076684688749623
224,0.7763012540591858,1.0,RBF,0.717,0.45514550693537803,-11.130493285816904,0.6076684688749623
225,3.572436480227836,1.0,RBF,0.717,0.45514550693537803,-11.130493285816904,0.6076684688749623
226,0.7200427114580282,1.0,RBF,0.717,0.45514550693537803,-11.130493285816904,0.6076684688749623
227,-0.16471446838856277,1.0,RBF,0.717,0.45514550693537803,-11.130493285816904,0.6076684688749623
228,1.1624298636574915,1.0,RBF,0.717,0.45514550693537803,-11.130493285816904,0.6076684688749623
229,0.7700061230171491,1.0,RBF,0.717,0.45514550693537803,-11.130493285816904,0.6076684688749623
230,1.6515977780912972,1.0,RBF,0.717,0.45514550693537803,-11.130493285816904,0.6076684688749623
231,1.4625979874938735,1.0,RBF,0.717,0.45514550693537803,-11.130493285816904,0.6076684688749623
232,0.39193815758531897,1.0,RBF,0.717,0.45514550693537803,-11.130493285816904,0.6076684688749623
233,0.9201216927569783,1.0,RBF,0.717,0.45514550693537803,-11.130493285816904,0.6076684688749623
234,3.374682404139529,-1.0,RBF,0.717,0.45514550693537803,-11.130493285816904,0.6076684688749623
235,0.8963691212778571,1.0,RBF,0.717,0.45514550693537803,-11.130493285816904,0.6076684688749623
236,1.4212381599939532,-1.0,RBF,0.717,0.45514550693537803,-11.130493285816904,0.6076684688749623
237,1.8419071551014723,-1.0,RBF,0.717,0.45514550693537803,-11.130493285816904,0.6076684688749623
238,1.2581742928857953,1.0,RBF,0.717,0.45514550693537803,-11.130493285816904,0.6076684688749623
239,0.9605144596097489,1.0,RBF,0.717,0.45514550693537803,-11.130493285816904,0.6076684688749623
240,0.13006362666088173,1.0,RBF,0.717,0.45514550693537803,-11.130493285816904,0.6076684688749623
241,0.056512866393716644,1.0,RBF,0.717,0.45514550693537803,-11.130493285816904,0.6076684688749623
242,0.48366517235831513,1.0,RBF,0.717,0.45514550693537803,-11.130493285816904,0.6076684688749623
243,0.6833266310680642,-1.0,RBF,0.717,0.45514550693537803,-11.130493285816904,0.6076684688749623
244,0.7210055463462608,-1.0,RBF,0.717,0.45514550693537803,-11.130493285816904,0.6076684688749623
245,2.1344076056625205,1.0,RBF,0.717,0.45514550693537803,-11.130493285816904,0.6076684688749623
246,1.8034829977339866,-1.0,RBF,0.717,0.45514550693537803,-11.130493285816904,0.6076684688749623
247,1.6794967185963219,1.0,RBF,0.717,0.45514550693537803,-11.130493285816904,0.6076684688749623
248,0.9363899959136597,1.0,RBF,0.717,0.45514550693537803,-11.130493285816904,0.6076684688749623
249,0.32847218683453927,1.0,RBF,0.717,0.45514550693537803,-11.130493285816904,0.6076684688749623
250,0.8530971835927214,-1.0,RBF,0.717,0.45514550693537803,-11.130493285816904,0.6076684688749623
251,0.2045529520751606,1.0,RBF,0.717,0.45514550693537803,-11.130493285816904,0.6076684688749623
252,0.13192837633648138,1.0,RBF,0.717,0.45514550693537803,-11.130493285816904,0.6076684688749623
253,0.652963110194606,1.0,RBF,0.717,0.45514550693537803,-11.130493285816904,0.6076684688749623
254,0.8625803680032326,1.0,RBF,0.717,0.45514550693537803,-11.130493285816904,0.6076684688749623
255,0.9036447092219863,-1.0,RBF,0.717,0.45514550693537803,-11.130493285816904,0.6076684688749623
256,1.7035096751079737,-1.0,RBF,0.717,0.45514550693537803,-11.130493285816904,0.6076684688749623
257,0.6159528918200573,1.0,RBF,0.717,0.45514550693537803,-11.130493285816904,0.6076684688749623
258,0.9375053144510208,-1.0,RBF,0.717,0.45514550693537803,-11.130493285816904,0.6076684688749623
259,2.945173244419619,-1.0,RBF,0.717,0.45514550693537803,-11.130493285816904,0.6076684688749623
260,1.9450876193378608,-1.0,RBF,0.717,0.45514550693537803,-11.130493285816904,0.6076684688749623
261,0.8835157696793376,-1.0,RBF,0.717,0.45514550693537803,-11.130493285816904,0.6076684688749623
262,2.0858664716977207,-1.0,RBF,0.717,0.45514550693537803,-11.130493285816904,0.6076684688749623
263,0.9190737122607202,1.0,RBF,0.717,0.45514550693537803,-11.130493285816904,0.6076684688749623
264,0.8628115213614168,1.0,RBF,0.717,0.45514550693537803,-11.130493285816904,0.6076684688749623
265,0.36630298656012705,1.0,RBF,0.717,0.45514550693537803,-11.130493285816904,0.6076684688749623
266,0.5459308543526474,1.0,RBF,0.717,0.45514550693537803,-11.130493285816904,0.6076684688749623
267,1.1633489761924463,1.0,RBF,0.717,0.45514550693537803,-11.130493285816904,0.6076684688749623
268,2.0731319970644564,1.0,RBF,0.717,0.45514550693537803,-11.130493285816904,0.6076684688749623
269,2.345381589561797,-1.0,RBF,0.717,0.45514550693537803,-11.130493285816904,0.6076684688749623
270,1.9612573881652473,-1.0,RBF,0.717,0.45514550693537803,-11.130493285816904,0.6076684688749623
271,1.9106437086339632,-1.0,RBF,0.717,0.45514550693537803,-11.130493285816904,0.6076684688749623
272,0.51465088802736,1.0,RBF,0.717,0.45514550693537803,-11.130493285816904,0.6076684688749623
273,2.0200797214128077,-1.0,RBF,0.717,0.45514550693537803,-11.130493285816904,0.6076684688749623
274,0.9347451506275622,1.0,RBF,0.717,0.45514550693537803,-11.130493285816904,0.6076684688749623
275,1.9886010869025597,1.0,RBF,0.717,0.45514550693537803,-11.130493285816904,0.6076684688749623
276,0.5108166227214822,1.0,RBF,0.717,0.45514550693537803,-11.130493285816904,0.6076684688749623
277,-0.16583485991364635,1.0,RBF,0.717,0.45514550693537803,-11.130493285816904,0.6076684688749623
278,0.6532337489232334,1.0,RBF,0.717,0.45514550693537803,-11.130493285816904,0.6076684688749623
279,1.1339389188787816,-1.0,RBF,0.717,0.45514550693537803,-11.130493285816904,0.6076684688749623
280,1.5621388709658321,-1.0,RBF,0.717,0.45514550693537803,-11.130493285816904,0.6076684688749623
281,-0.15045865146038445,1.0,RBF,0.717,0.45514550693537803,-11.130493285816904,0.6076684688749623
282,-0.28746424093033296,-1.0,RBF,0.717,0.45514550693537803,-11.130493285816904,0.6076684688749623
283,1.1569973649015646,1.0,RBF,0.717,0.45514550693537803,-11.130493285816904,0.6076684688749623
284,0.5824633576897796,1.0,RBF,0.717,0.45514550693537803,-11.130493285816904,0.6076684688749623
285,0.6995598081908725,1.0,RBF,0.717,0.45514550693537803,-11.130493285816904,0.6076684688749623
286,0.7882815229264802,1.0,RBF,0.717,0.45514550693537803,-11.130493285816904,0.6076684688749623
287,0.9698951179123244,1.0,RBF,0.717,0.45514550693537803,-11.130493285816904,0.6076684688749623
288,0.7023052803370687,1.0,RBF,0.717,0.45514550693537803,-11.130493285816904,0.6076684688749623
289,-0.19425391701618974,1.0,RBF,0.717,0.45514550693537803,-11.130493285816904,0.6076684688749623
290,0.5379679518126248,1.0,RBF,0.717,0.45514550693537803,-11.130493285816904,0.6076684688749623
291,1.9102123913376712,-1.0,RBF,0.717,0.45514550693537803,-11.130493285816904,0.6076684688749623
292,-0.0674371726143708,1.0,RBF,0.717,0.45514550693537803,-11.130493285816904,0.6076684688749623
293,0.12749007025452305,1.0,RBF,0.717,0.45514550693537803,-11.130493285816904,0.6076684688749623
294,0.7725794432928019,1.0,RBF,0.717,0.45514550693537803,-11.130493285816904,0.6076684688749623
295,0.05615561310030066,1.0,RBF,0.717,0.45514550693537803,-11.130493285816904,0.6076684688749623
296,0.8353261872029091,-1.0,RBF,0.717,0.45514550693537803,-11.130493285816904,0.6076684688749623
297,2.248919958968211,-1.0,RBF,0.717,0.45514550693537803,-11.130493285816904,0.6076684688749623
298,0.13255890778430485,1.0,RBF,0.717,0.45514550693537803,-11.130493285816904,0.6076684688749623
299,0.43532782238881995,1.0,RBF,0.717,0.45514550693537803,-11.130493285816904,0.6076684688749623
300,0.05357965505294922,1.0,RBF,0.717,0.45514550693537803,-11.130493285816904,0.6076684688749623
301,1.0409720903921806,1.0,RBF,0.717,0.45514550693537803,-11.130493285816904,0.6076684688749623
302,1.1809543551367645,1.0,RBF,0.717,0.45514550693537803,-11.130493285816904,0.6076684688749623
303,1.1389672046268122,-1.0,RBF,0.717,0.45514550693537803,-11.130493285816904,0.6076684688749623
304,1.1103953177116155,1.0,RBF,0.717,0.45514550693537803,-11.130493285816904,0.6076684688749623
305,0.3721994952639998,1.0,RBF,0.717,0.45514550693537803,-11.130493285816904,0.6076684688749623
306,0.3171942528511253,1.0,RBF,0.717,0.45514550693537803,-11.130493285816904,0.6076684688749623
307,1.151110104465314,1.0,RBF,0.717,0.45514550693537803,-11.130493285816904,0.6076684688749623
308,0.741961389069028,1.0,RBF,0.717,0.45514550693537803,-11.130493285816904,0.6076684688749623
309,1.0355494749641267,-1.0,RBF,0.717,0.45514550693537803,-11.130493285816904,0.6076684688749623
310,0.8857088631348912,-1.0,RBF,0.717,0.45514550693537803,-11.130493285816904,0.6076684688749623
311,0.5458581063645542,-1.0,RBF,0.717,0.45514550693537803,-11.130493285816904,0.6076684688749623
312,2.3538219772245723,-1.0,RBF,0.717,0.45514550693537803,-11.130493285816904,0.6076684688749623
313,1.9844051183900027,-1.0,RBF,0.717,0.45514550693537803,-11.130493285816904,0.6076684688749623
314,1.8358325909458417,1.0,RBF,0.717,0.45514550693537803,-11.130493285816904,0.6076684688749623
315,0.28591213601497184,1.0,RBF,0.717,0.45514550693537803,-11.130493285816904,0.6076684688749623
316,2.0683498682439336,1.0,RBF,0.717,0.45514550693537803,-11.130493285816904,0.6076684688749623
317,1.2755232593099082,1.0,RBF,0.717,0.45514550693537803,-11.130493285816904,0.6076684688749623
318,2.169696632333739,-1.0,RBF,0.717,0.45514550693537803,-11.130493285816904,0.6076684688749623
319,0.35912591270717603,1.0,RBF,0.717,0.45514550693537803,-11.130493285816904,0.6076684688749623
320,0.11880213054011898,1.0,RBF,0.717,0.45514550693537803,-11.130493285816904,0.6076684688749623
321,0.8818038067004101,1.0,RBF,0.717,0.45514550693537803,-11.130493285816904,0.6076684688749623
322,2.0247657215923054,-1.0,RBF,0.717,0.45514550693537803,-11.130493285816904,0.6076684688749623
323,1.9546451855474367,1.0,RBF,0.717,0.45514550693537803,-11.130493285816904,0.6076684688749623
324,0.7858086648333948,-1.0,RBF,0.717,0.45514550693537803,-11.130493285816904,0.6076684688749623
325,0.6974196000925569,1.0,RBF,0.717,0.45514550693537803,-11.130493285816904,0.6076684688749623
326,0.35583867775153044,1.0,RBF,0.717,0.45514550693537803,-11.130493285816904,0.6076684688749623
327,1.583480875949561,-1.0,RBF,0.717,0.45514550693537803,-11.130493285816904,0.6076684688749623
328,2.5201439687487626,1.0,RBF,0.717,0.45514550693537803,-11.130493285816904,0.6076684688749623
329,0.5313292320292996,1.0,RBF,0.717,0.45514550693537803,-11.130493285816904,0.6076684688749623
330,0.8651210650823767,-1.0,RBF,0.717,0.45514550693537803,-11.130493285816904,0.6076684688749623
331,3.055883784615983,-1.0,RBF,0.717,0.45514550693537803,-11.130493285816904,0.6076684688749623
332,2.0370716098053614,-1.0,RBF,0.717,0.45514550693537803,-11.130493285816904,0.6076684688749623
333,0.9714850825111315,1.0,RBF,0.717,0.45514550693537803,-11.130493285816904,0.6076684688749623
334,0.3361835675679599,1.0,RBF,0.717,0.45514550693537803,-11.130493285816904,0.6076684688749623
335,1.3216686173955803,1.0,RBF,0.717,0.45514550693537803,-11.130493285816904,0.6076684688749623
336,1.1453171192115335,1.0,RBF,0.717,0.45514550693537803,-11.130493285816904,0.6076684688749623
337,0.41632352847964577,1.0,RBF,0.717,0.45514550693537803,-11.130493285816904,0.6076684688749623
338,1.7026267454619193,1.0,RBF,0.717,0.45514550693537803,-11.130493285816904,0.6076684688749623
339,0.4105986814190488,-1.0,RBF,0.717,0.45514550693537803,-11.130493285816904,0.6076684688749623
340,1.1181306730919847,-1.0,RBF,0.717,0.45514550693537803,-11.130493285816904,0.6076684688749623
341,-0.716395398441352,1.0,RBF,0.717,0.45514550693537803,-11.130493285816904,0.6076684688749623
342,0.8035681127114906,-1.0,RBF,0.717,0.45514550693537803,-11.130493285816904,0.6076684688749623
343,0.2169866781194048,1.0,RBF,0.717,0.45514550693537803,-11.130493285816904,0.6076684688749623
344,0.43795922313663027,1.0,RBF,0.717,0.45514550693537803,-11.130493285816904,0.6076684688749623
345,-0.06084323547669656,1.0,RBF,0.717,0.45514550693537803,-11.130493285816904,0.6076684688749623
346,0.29729623441120195,1.0,RBF,0.717,0.45514550693537803,-11.130493285816904,0.6076684688749623
347,2.2584443278810165,1.0,RBF,0.717,0.45514550693537803,-11.130493285816904,0.6076684688749623
348,0.8423313004718544,1.0,RBF,0.717,0.45514550693537803,-11.130493285816904,0.6076684688749623
349,1.3235456416855735,1.0,RBF,0.717,0.45514550693537803,-11.130493285816904,0.6076684688749623
350,1.9450302051096655,-1.0,RBF,0.717,0.45514550693537803,-11.130493285816904,0.6076684688749623
351,0.0028282961501519916,1.0,RBF,0.717,0.45514550693537803,-11.130493285816904,0.6076684688749623
352,0.04964775578997594,1.0,RBF,0.717,0.45514550693537803,-11.130493285816904,0.6076684688749623
353,1.0262364057772295,1.0,RBF,0.717,0.45514550693537803,-11.130493285816904,0.6076684688749623
354,0.3953567366333064,1.0,RBF,0.717,0.45514550693537803,-11.130493285816904,0.6076684688749623
355,0.2534395268545182,1.0,RBF,0.717,0.45514550693537803,-11.130493285816904,0.6076684688749623
356,1.3159932137910573,1.0,RBF,0.717,0.45514550693537803,-11.130493285816904,0.6076684688749623
357,1.2785515997546633,-1.0,RBF,0.717,0.45514550693537803,-11.130493285816904,0.6076684688749623
358,0.1299691341666938,1.0,RBF,0.717,0.45514550693537803,-11.130493285816904,0.6076684688749623
359,1.488927260943125,-1.0,RBF,0.717,0.45514550693537803,-11.130493285816904,0.6076684688749623
360,3.519314927572123,-1.0,RBF,0.717,0.45514550693537803,-11.130493285816904,0.6076684688749623
361,0.3360181612958963,1.0,RBF,0.717,0.45514550693537803,-11.130493285816904,0.6076684688749623
362,3.3118261350789266,-1.0,RBF,0.717,0.45514550693537803,-11.130493285816904,0.6076684688749623
363,1.0995728125335265,-1.0,RBF,0.717,0.45514550693537803,-11.130493285816904,0.6076684688749623
364,-0.0041072570920201844,1.0,RBF,0.717,0.45514550693537803,-11.130493285816904,0.6076684688749623
365,1.9885752544882598,-1.0,RBF,0.717,0.45514550693537803,-11.130493285816904,0.6076684688749623
366,0.145518050402047,1.0,RBF,0.717,0.45514550693537803,-11.130493285816904,0.6076684688749623
367,1.4371227239177697,-1.0,RBF,0.717,0.45514550693537803,-11.130493285816904,0.6076684688749623
368,1.5511704596664597,1.0,RBF,0.717,0.45514550693537803,-11.130493285816904,0.6076684688749623
369,1.97678756354082,-1.0,RBF,0.717,0.45514550693537803,-11.130493285816904,0.6076684688749623
370,-0.26931943584617263,1.0,RBF,0.717,0.45514550693537803,-11.130493285816904,0.6076684688749623
371,2.6876458775079097,-1.0,RBF,0.717,0.45514550693537803,-11.130493285816904,0.6076684688749623
372,-0.4160056544050601,1.0,RBF,0.717,0.45514550693537803,-11.130493285816904,0.6076684688749623
373,0.48198062263227437,1.0,RBF,0.717,0.45514550693537803,-11.130493285816904,0.6076684688749623
374,1.2194513799723692,-1.0,RBF,0.717,0.45514550693537803,-11.130493285816904,0.6076684688749623
375,0.5634225146778017,-1.0,RBF,0.717,0.45514550693537803,-11.130493285816904,0.6076684688749623
376,2.6603204180561493,1.0,RBF,0.717,0.45514550693537803,-11.130493285816904,0.6076684688749623
377,1.7855017475900459,-1.0,RBF,0.717,0.45514550693537803,-11.130493285816904,0.6076684688749623
378,0.5296685654236494,1.0,RBF,0.717,0.45514550693537803,-11.130493285816904,0.6076684688749623
379,-0.518214592893953,1.0,RBF,0.717,0.45514550693537803,-11.130493285816904,0.6076684688749623
380,1.3371563303601466,-1.0,RBF,0.717,0.45514550693537803,-11.130493285816904,0.6076684688749623
381,-0.14384128485733463,1.0,RBF,0.717,0.45514550693537803,-11.130493285816904,0.6076684688749623
382,1.395229047380298,-1.0,RBF,0.717,0.45514550693537803,-11.130493285816904,0.6076684688749623
383,2.210479647744689,-1.0,RBF,0.717,0.45514550693537803,-11.130493285816904,0.6076684688749623
384,0.6353125472193829,1.0,RBF,0.717,0.45514550693537803,-11.130493285816904,0.6076684688749623
385,2.049087323743626,1.0,RBF,0.717,0.45514550693537803,-11.130493285816904,0.6076684688749623
386,1.4438257591853458,1.0,RBF,0.717,0.45514550693537803,-11.130493285816904,0.6076684688749623
387,0.8099498473052348,1.0,RBF,0.717,0.45514550693537803,-11.130493285816904,0.6076684688749623
388,1.3836137463824363,1.0,RBF,0.717,0.45514550693537803,-11.130493285816904,0.6076684688749623
389,1.0365077283859216,-1.0,RBF,0.717,0.45514550693537803,-11.130493285816904,0.6076684688749623
390,-0.004755124087678898,1.0,RBF,0.717,0.45514550693537803,-11.130493285816904,0.6076684688749623
391,2.0845586983426365,-1.0,RBF,0.717,0.45514550693537803,-11.130493285816904,0.6076684688749623
392,0.7892256104976225,1.0,RBF,0.717,0.45514550693537803,-11.130493285816904,0.6076684688749623
393,1.6624327291739287,-1.0,RBF,0.717,0.45514550693537803,-11.130493285816904,0.6076684688749623
394,1.0590345805332144,-1.0,RBF,0.717,0.45514550693537803,-11.130493285816904,0.6076684688749623
395,0.31840162995122506,1.0,RBF,0.717,0.45514550693537803,-11.130493285816904,0.6076684688749623
396,1.4754773679145134,1.0,RBF,0.717,0.45514550693537803,-11.130493285816904,0.6076684688749623
397,0.8006596086860684,-1.0,RBF,0.717,0.45514550693537803,-11.130493285816904,0.6076684688749623
398,1.2180667947938975,-1.0,RBF,0.717,0.45514550693537803,-11.130493285816904,0.6076684688749623
399,0.6635635675719691,1.0,RBF,0.717,0.45514550693537803,-11.130493285816904,0.6076684688749623
400,0.8375477090105891,1.0,RBF,0.717,0.45514550693537803,-11.130493285816904,0.6076684688749623
401,4.620269481959592,-1.0,RBF,0.717,0.45514550693537803,-11.130493285816904,0.6076684688749623
402,0.557873549361164,1.0,RBF,0.717,0.45514550693537803,-11.130493285816904,0.6076684688749623
403,-0.01732874036337481,1.0,RBF,0.717,0.45514550693537803,-11.130493285816904,0.6076684688749623
404,0.4485630147564804,1.0,RBF,0.717,0.45514550693537803,-11.130493285816904,0.6076684688749623
405,0.7533508264660002,1.0,RBF,0.717,0.45514550693537803,-11.130493285816904,0.6076684688749623
406,1.3662667114080682,-1.0,RBF,0.717,0.45514550693537803,-11.130493285816904,0.6076684688749623
407,0.023416285358037036,1.0,RBF,0.717,0.45514550693537803,-11.130493285816904,0.6076684688749623
408,0.3886770058119304,1.0,RBF,0.717,0.45514550693537803,-11.130493285816904,0.6076684688749623
409,0.7611097771786592,1.0,RBF,0.717,0.45514550693537803,-11.130493285816904,0.6076684688749623
410,1.7596291537672588,-1.0,RBF,0.717,0.45514550693537803,-11.130493285816904,0.6076684688749623
411,2.6700853072504023,-1.0,RBF,0.717,0.45514550693537803,-11.130493285816904,0.6076684688749623
412,4.350458672588858,-1.0,RBF,0.717,0.45514550693537803,-11.130493285816904,0.6076684688749623
413,-0.11761881670399382,1.0,RBF,0.717,0.45514550693537803,-11.130493285816904,0.6076684688749623
414,0.22726255971773532,1.0,RBF,0.717,0.45514550693537803,-11.130493285816904,0.6076684688749623
415,0.9453681742113891,1.0,RBF,0.717,0.45514550693537803,-11.130493285816904,0.6076684688749623
416,0.6576372423643847,-1.0,RBF,0.717,0.45514550693537803,-11.130493285816904,0.6076684688749623
417,2.581920885779742,-1.0,RBF,0.717,0.45514550693537803,-11.130493285816904,0.6076684688749623
418,-0.03677738237053663,1.0,RBF,0.717,0.45514550693537803,-11.130493285816904,0.6076684688749623
419,0.9568954502581052,1.0,RBF,0.717,0.45514550693537803,-11.130493285816904,0.6076684688749623
420,0.21294865463048226,1.0,RBF,0.717,0.45514550693537803,-11.130493285816904,0.6076684688749623
421,1.0771319413217333,1.0,RBF,0.717,0.45514550693537803,-11.130493285816904,0.6076684688749623
422,-1.0661756115198284,1.0,RBF,0.717,0.45514550693537803,-11.130493285816904,0.6076684688749623
423,0.6178784983554819,1.0,RBF,0.717,0.45514550693537803,-11.130493285816904,0.6076684688749623
424,-0.6615826450218086,1.0,RBF,0.717,0.45514550693537803,-11.130493285816904,0.6076684688749623
425,-0.48550716319171805,1.0,RBF,0.717,0.45514550693537803,-11.130493285816904,0.6076684688749623
426,0.0656774151490915,1.0,RBF,0.717,0.45514550693537803,-11.130493285816904,0.6076684688749623
427,0.8251777439779224,1.0,RBF,0.717,0.45514550693537803,-11.130493285816904,0.6076684688749623
428,0.25238398250311855,1.0,RBF,0.717,0.45514550693537803,-11.130493285816904,0.6076684688749623
429,2.527616749703908,1.0,RBF,0.717,0.45514550693537803,-11.130493285816904,0.6076684688749623
430,2.467356424413184,-1.0,RBF,0.717,0.45514550693537803,-11.130493285816904,0.6076684688749623
431,0.43980521116380866,1.0,RBF,0.717,0.45514550693537803,-11.130493285816904,0.6076684688749623
432,-0.2114805752494111,1.0,RBF,0.717,0.45514550693537803,-11.130493285816904,0.6076684688749623
433,1.470304283615039,1.0,RBF,0.717,0.45514550693537803,-11.130493285816904,0.6076684688749623
434,0.6075754374932685,1.0,RBF,0.717,0.45514550693537803,-11.130493285816904,0.6076684688749623
435,2.717459253829774,1.0,RBF,0.717,0.45514550693537803,-11.130493285816904,0.6076684688749623
436,-0.2289579607114967,1.0,RBF,0.717,0.45514550693537803,-11.130493285816904,0.6076684688749623
437,1.513839279245315,1.0,RBF,0.717,0.45514550693537803,-11.130493285816904,0.6076684688749623
438,1.0463034701044758,1.0,RBF,0.717,0.45514550693537803,-11.130493285816904,0.6076684688749623
439,1.2814859117793802,-1.0,RBF,0.717,0.45514550693537803,-11.130493285816904,0.6076684688749623
440,2.045195037513851,-1.0,RBF,0.717,0.45514550693537803,-11.130493285816904,0.6076684688749623
441,0.8534975815471283,1.0,RBF,0.717,0.45514550693537803,-11.130493285816904,0.6076684688749623
442,4.198819206182174,-1.0,RBF,0.717,0.45514550693537803,-11.130493285816904,0.6076684688749623
443,1.9376410717863726,1.0,RBF,0.717,0.45514550693537803,-11.130493285816904,0.6076684688749623
444,0.4042503237548852,-1.0,RBF,0.717,0.45514550693537803,-11.130493285816904,0.6076684688749623
445,0.6118638170321238,1.0,RBF,0.717,0.45514550693537803,-11.130493285816904,0.6076684688749623
446,0.23955869038492456,1.0,RBF,0.717,0.45514550693537803,-11.130493285816904,0.6076684688749623
447,0.4830651795922008,-1.0,RBF,0.717,0.45514550693537803,-11.130493285816904,0.6076684688749623
448,1.3486410014901646,1.0,RBF,0.717,0.45514550693537803,-11.130493285816904,0.6076684688749623
449,1.356072652995552,1.0,RBF,0.717,0.45514550693537803,-11.130493285816904,0.6076684688749623
450,0.6209861134078452,-1.0,RBF,0.717,0.45514550693537803,-11.130493285816904,0.6076684688749623
451,0.7864917135543632,1.0,RBF,0.717,0.45514550693537803,-11.130493285816904,0.6076684688749623
452,2.3569819247546415,-1.0,RBF,0.717,0.45514550693537803,-11.130493285816904,0.6076684688749623
453,1.0437592825338278,-1.0,RBF,0.717,0.45514550693537803,-11.130493285816904,0.6076684688749623
454,0.2622223599385095,1.0,RBF,0.717,0.45514550693537803,-11.130493285816904,0.6076684688749623
455,1.115988046635719,1.0,RBF,0.717,0.45514550693537803,-11.130493285816904,0.6076684688749623
456,0.4333406852447511,1.0,RBF,0.717,0.45514550693537803,-11.130493285816904,0.6076684688749623
457,0.3953023674189359,1.0,RBF,0.717,0.45514550693537803,-11.130493285816904,0.6076684688749623
458,-0.009738499731730467,1.0,RBF,0.717,0.45514550693537803,-11.130493285816904,0.6076684688749623
459,0.7172450220149378,1.0,RBF,0.717,0.45514550693537803,-11.130493285816904,0.6076684688749623
460,3.3708034393528847,1.0,RBF,0.717,0.45514550693537803,-11.130493285816904,0.6076684688749623
461,0.693848557551535,1.0,RBF,0.717,0.45514550693537803,-11.130493285816904,0.6076684688749623
462,2.1523203076588784,1.0,RBF,0.717,0.45514550693537803,-11.130493285816904,0.6076684688749623
463,0.7451055783791469,-1.0,RBF,0.717,0.45514550693537803,-11.130493285816904,0.6076684688749623
464,2.0927052303480997,1.0,RBF,0.717,0.45514550693537803,-11.130493285816904,0.6076684688749623
465,0.6434350601474838,-1.0,RBF,0.717,0.45514550693537803,-11.130493285816904,0.6076684688749623
466,0.3744293402425985,1.0,RBF,0.717,0.45514550693537803,-11.130493285816904,0.6076684688749623
467,0.6325395257105912,1.0,RBF,0.717,0.45514550693537803,-11.130493285816904,0.6076684688749623
468,0.47336643897849207,1.0,RBF,0.717,0.45514550693537803,-11.130493285816904,0.6076684688749623
469,1.6447757187770093,-1.0,RBF,0.717,0.45514550693537803,-11.130493285816904,0.6076684688749623
470,0.2107655834648694,1.0,RBF,0.717,0.45514550693537803,-11.130493285816904,0.6076684688749623
471,0.8124210909139894,1.0,RBF,0.717,0.45514550693537803,-11.130493285816904,0.6076684688749623
472,1.8941849851920327,-1.0,RBF,0.717,0.45514550693537803,-11.130493285816904,0.6076684688749623
473,0.8353935993935737,1.0,RBF,0.717,0.45514550693537803,-11.130493285816904,0.6076684688749623
474,1.207932605386128,1.0,RBF,0.717,0.45514550693537803,-11.130493285816904,0.6076684688749623
475,-0.005378643229721777,1.0,RBF,0.717,0.45514550693537803,-11.130493285816904,0.6076684688749623
476,0.0861338566972342,1.0,RBF,0.717,0.45514550693537803,-11.130493285816904,0.6076684688749623
477,0.9531673246432998,1.0,RBF,0.717,0.45514550693537803,-11.130493285816904,0.6076684688749623
478,1.5601065326090682,1.0,RBF,0.717,0.45514550693537803,-11.130493285816904,0.6076684688749623
479,1.4551795630810003,1.0,RBF,0.717,0.45514550693537803,-11.130493285816904,0.6076684688749623
480,1.3945058854857288,1.0,RBF,0.717,0.45514550693537803,-11.130493285816904,0.6076684688749623
481,1.2719079154836832,1.0,RBF,0.717,0.45514550693537803,-11.130493285816904,0.6076684688749623
482,2.02750072368933,1.0,RBF,0.717,0.45514550693537803,-11.130493285816904,0.6076684688749623
483,-0.8190641940109218,1.0,RBF,0.717,0.45514550693537803,-11.130493285816904,0.6076684688749623
484,0.11591529768384248,1.0,RBF,0.717,0.45514550693537803,-11.130493285816904,0.6076684688749623
485,0.9282658459983001,1.0,RBF,0.717,0.45514550693537803,-11.130493285816904,0.6076684688749623
486,0.27275320751229365,1.0,RBF,0.717,0.45514550693537803,-11.130493285816904,0.6076684688749623
487,3.798193223278208,-1.0,RBF,0.717,0.45514550693537803,-11.130493285816904,0.6076684688749623
488,0.829489802429544,1.0,RBF,0.717,0.45514550693537803,-11.130493285816904,0.6076684688749623
489,0.7718697007493218,1.0,RBF,0.717,0.45514550693537803,-11.130493285816904,0.6076684688749623
490,1.761109049797941,1.0,RBF,0.717,0.45514550693537803,-11.130493285816904,0.6076684688749623
491,0.7531440918589426,1.0,RBF,0.717,0.45514550693537803,-11.130493285816904,0.6076684688749623
492,2.636329473838188,1.0,RBF,0.717,0.45514550693537803,-11.130493285816904,0.6076684688749623
493,-0.3871309061532847,1.0,RBF,0.717,0.45514550693537803,-11.130493285816904,0.6076684688749623
494,-0.15622670019794427,1.0,RBF,0.717,0.45514550693537803,-11.130493285816904,0.6076684688749623
495,1.350048337741494,1.0,RBF,0.717,0.45514550693537803,-11.130493285816904,0.6076684688749623
496,1.2836667705768945,-1.0,RBF,0.717,0.45514550693537803,-11.130493285816904,0.6076684688749623
497,0.3502843549068682,1.0,RBF,0.717,0.45514550693537803,-11.130493285816904,0.6076684688749623
498,-0.13089326450295305,-1.0,RBF,0.717,0.45514550693537803,-11.130493285816904,0.6076684688749623
499,0.6043806695983545,1.0,RBF,0.717,0.45514550693537803,-11.130493285816904,0.6076684688749623
500,0.7171878814108109,-1.0,RBF,0.717,0.45514550693537803,-11.130493285816904,0.6076684688749623
501,2.245191044241385,-1.0,RBF,0.717,0.45514550693537803,-11.130493285816904,0.6076684688749623
502,0.04035333679608174,1.0,RBF,0.717,0.45514550693537803,-11.130493285816904,0.6076684688749623
503,0.6532919608680102,1.0,RBF,0.717,0.45514550693537803,-11.130493285816904,0.6076684688749623
504,0.5771086469432887,1.0,RBF,0.717,0.45514550693537803,-11.130493285816904,0.6076684688749623
505,0.44154959883144357,1.0,RBF,0.717,0.45514550693537803,-11.130493285816904,0.6076684688749623
506,-0.37257528618773245,1.0,RBF,0.717,0.45514550693537803,-11.130493285816904,0.6076684688749623
507,0.9963073542100668,1.0,RBF,0.717,0.45514550693537803,-11.130493285816904,0.6076684688749623
508,1.206289875568646,-1.0,RBF,0.717,0.45514550693537803,-11.130493285816904,0.6076684688749623
509,3.3900564810602156,-1.0,RBF,0.717,0.45514550693537803,-11.130493285816904,0.6076684688749623
510,0.952639061672306,-1.0,RBF,0.717,0.45514550693537803,-11.130493285816904,0.6076684688749623
511,0.5948461959597914,1.0,RBF,0.717,0.45514550693537803,-11.130493285816904,0.6076684688749623
512,-0.306436985149425,1.0,RBF,0.717,0.45514550693537803,-11.130493285816904,0.6076684688749623
513,0.4659494431539881,1.0,RBF,0.717,0.45514550693537803,-11.130493285816904,0.6076684688749623
514,0.5517214489201122,1.0,RBF,0.717,0.45514550693537803,-11.130493285816904,0.6076684688749623
515,0.7378331880528594,-1.0,RBF,0.717,0.45514550693537803,-11.130493285816904,0.6076684688749623
516,0.8864967628108612,1.0,RBF,0.717,0.45514550693537803,-11.130493285816904,0.6076684688749623
517,-0.09723723491191813,-1.0,RBF,0.717,0.45514550693537803,-11.130493285816904,0.6076684688749623
518,-0.19285441311163934,1.0,RBF,0.717,0.45514550693537803,-11.130493285816904,0.6076684688749623
519,4.817515861898966,-1.0,RBF,0.717,0.45514550693537803,-11.130493285816904,0.6076684688749623
520,1.0145627184544257,-1.0,RBF,0.717,0.45514550693537803,-11.130493285816904,0.6076684688749623
521,0.000581023087978068,-1.0,RBF,0.717,0.45514550693537803,-11.130493285816904,0.6076684688749623
522,0.6925248211557031,1.0,RBF,0.717,0.45514550693537803,-11.130493285816904,0.6076684688749623
523,0.833708982026932,1.0,RBF,0.717,0.45514550693537803,-11.130493285816904,0.6076684688749623
524,1.7160872166582832,1.0,RBF,0.717,0.45514550693537803,-11.130493285816904,0.6076684688749623
525,0.17908902603584556,1.0,RBF,0.717,0.45514550693537803,-11.130493285816904,0.6076684688749623
526,1.0954756271398742,1.0,RBF,0.717,0.45514550693537803,-11.130493285816904,0.6076684688749623
527,-0.17333393130047836,1.0,RBF,0.717,0.45514550693537803,-11.130493285816904,0.6076684688749623
528,1.2774297304743216,1.0,RBF,0.717,0.45514550693537803,-11.130493285816904,0.6076684688749623
529,0.9573915674698917,1.0,RBF,0.717,0.45514550693537803,-11.130493285816904,0.6076684688749623
530,-0.22783775273822426,1.0,RBF,0.717,0.45514550693537803,-11.130493285816904,0.6076684688749623
531,0.3426076388059804,1.0,RBF,0.717,0.45514550693537803,-11.130493285816904,0.6076684688749623
532,-0.7628760004852391,1.0,RBF,0.717,0.45514550693537803,-11.130493285816904,0.6076684688749623
533,0.24284912180671156,1.0,RBF,0.717,0.45514550693537803,-11.130493285816904,0.6076684688749623
534,1.024164516787083,1.0,RBF,0.717,0.45514550693537803,-11.130493285816904,0.6076684688749623
535,0.7852026243295753,-1.0,RBF,0.717,0.45514550693537803,-11.130493285816904,0.6076684688749623
536,0.7130716865679477,-1.0,RBF,0.717,0.45514550693537803,-11.130493285816904,0.6076684688749623
537,2.6140898359483558,-1.0,RBF,0.717,0.45514550693537803,-11.130493285816904,0.6076684688749623
538,0.40160616066006094,1.0,RBF,0.717,0.45514550693537803,-11.130493285816904,0.6076684688749623
539,0.9041016846561213,-1.0,RBF,0.717,0.45514550693537803,-11.130493285816904,0.6076684688749623
540,0.3366166246436705,1.0,RBF,0.717,0.45514550693537803,-11.130493285816904,0.6076684688749623
541,1.0154114879660652,1.0,RBF,0.717,0.45514550693537803,-11.130493285816904,0.6076684688749623
542,1.362571609591516,1.0,RBF,0.717,0.45514550693537803,-11.130493285816904,0.6076684688749623
543,-0.24830796245518955,1.0,RBF,0.717,0.45514550693537803,-11.130493285816904,0.6076684688749623
544,-0.2931388548971327,1.0,RBF,0.717,0.45514550693537803,-11.130493285816904,0.6076684688749623
545,1.4206591428965436,1.0,RBF,0.717,0.45514550693537803,-11.130493285816904,0.6076684688749623
546,0.08605646696969967,-1.0,RBF,0.717,0.45514550693537803,-11.130493285816904,0.6076684688749623
547,-0.12546750130402115,1.0,RBF,0.717,0.45514550693537803,-11.130493285816904,0.6076684688749623
548,0.9228036604030797,1.0,RBF,0.717,0.45514550693537803,-11.130493285816904,0.6076684688749623
549,2.592414162137973,-1.0,RBF,0.717,0.45514550693537803,-11.130493285816904,0.6076684688749623
550,1.4694703624332324,-1.0,RBF,0.717,0.45514550693537803,-11.130493285816904,0.6076684688749623
551,0.4793234541568673,1.0,RBF,0.717,0.45514550693537803,-11.130493285816904,0.6076684688749623
552,-0.43461544071402547,1.0,RBF,0.717,0.45514550693537803,-11.130493285816904,0.6076684688749623
553,0.5588711639068246,1.0,RBF,0.717,0.45514550693537803,-11.130493285816904,0.6076684688749623
554,0.928200234999522,-1.0,RBF,0.717,0.45514550693537803,-11.130493285816904,0.6076684688749623
555,0.6259084857813431,1.0,RBF,0.717,0.45514550693537803,-11.130493285816904,0.6076684688749623
556,1.6373581362991727,1.0,RBF,0.717,0.45514550693537803,-11.130493285816904,0.6076684688749623
557,2.16700779223597,-1.0,RBF,0.717,0.45514550693537803,-11.130493285816904,0.6076684688749623
558,1.176545641880288,1.0,RBF,0.717,0.45514550693537803,-11.130493285816904,0.6076684688749623
559,1.0267666412886636,-1.0,RBF,0.717,0.45514550693537803,-11.130493285816904,0.6076684688749623
560,1.3051108599350076,1.0,RBF,0.717,0.45514550693537803,-11.130493285816904,0.6076684688749623
561,2.002449117484325,1.0,RBF,0.717,0.45514550693537803,-11.130493285816904,0.6076684688749623
562,0.9687992412255195,1.0,RBF,0.717,0.45514550693537803,-11.130493285816904,0.6076684688749623
563,2.347653076945205,1.0,RBF,0.717,0.45514550693537803,-11.130493285816904,0.6076684688749623
564,0.9855485703608009,-1.0,RBF,0.717,0.45514550693537803,-11.130493285816904,0.6076684688749623
565,0.5396809781109007,1.0,RBF,0.717,0.45514550693537803,-11.130493285816904,0.6076684688749623
566,0.8393339390066178,1.0,RBF,0.717,0.45514550693537803,-11.130493285816904,0.6076684688749623
567,1.2972582762407758,-1.0,RBF,0.717,0.45514550693537803,-11.130493285816904,0.6076684688749623
568,2.4640764911966047,-1.0,RBF,0.717,0.45514550693537803,-11.130493285816904,0.6076684688749623
569,0.18315619771900432,1.0,RBF,0.717,0.45514550693537803,-11.130493285816904,0.6076684688749623
570,0.8423487067378044,1.0,RBF,0.717,0.45514550693537803,-11.130493285816904,0.6076684688749623
571,0.5736747236220827,1.0,RBF,0.717,0.45514550693537803,-11.130493285816904,0.6076684688749623
572,0.7523683875384948,1.0,RBF,0.717,0.45514550693537803,-11.130493285816904,0.6076684688749623
573,0.6615922892725137,-1.0,RBF,0.717,0.45514550693537803,-11.130493285816904,0.6076684688749623
574,1.5280979892778543,1.0,RBF,0.717,0.45514550693537803,-11.130493285816904,0.6076684688749623
575,0.26582875952860263,1.0,RBF,0.717,0.45514550693537803,-11.130493285816904,0.6076684688749623
576,0.49774201638526927,1.0,RBF,0.717,0.45514550693537803,-11.130493285816904,0.6076684688749623
577,-0.649696204221969,1.0,RBF,0.717,0.45514550693537803,-11.130493285816904,0.6076684688749623
578,0.624202655120787,1.0,RBF,0.717,0.45514550693537803,-11.130493285816904,0.6076684688749623
579,0.5061591285517013,1.0,RBF,0.717,0.45514550693537803,-11.130493285816904,0.6076684688749623
580,2.1814453429306457,-1.0,RBF,0.717,0.45514550693537803,-11.130493285816904,0.6076684688749623
581,0.6273344396132963,1.0,RBF,0.717,0.45514550693537803,-11.130493285816904,0.6076684688749623
582,0.3851062361482025,1.0,RBF,0.717,0.45514550693537803,-11.130493285816904,0.6076684688749623
583,0.4809189720964328,1.0,RBF,0.717,0.45514550693537803,-11.130493285816904,0.6076684688749623
584,0.1434738417806444,1.0,RBF,0.717,0.45514550693537803,-11.130493285816904,0.6076684688749623
585,0.8448472168042583,1.0,RBF,0.717,0.45514550693537803,-11.130493285816904,0.6076684688749623
586,0.692529940149447,-1.0,RBF,0.717,0.45514550693537803,-11.130493285816904,0.6076684688749623
587,0.5821171249498693,-1.0,RBF,0.717,0.45514550693537803,-11.130493285816904,0.6076684688749623
588,1.067189643131063,-1.0,RBF,0.717,0.45514550693537803,-11.130493285816904,0.6076684688749623
589,0.8887308516391235,1.0,RBF,0.717,0.45514550693537803,-11.130493285816904,0.6076684688749623
590,2.450914687319229,-1.0,RBF,0.717,0.45514550693537803,-11.130493285816904,0.6076684688749623
591,0.9848479214726675,-1.0,RBF,0.717,0.45514550693537803,-11.130493285816904,0.6076684688749623
592,0.20181203881106288,1.0,RBF,0.717,0.45514550693537803,-11.130493285816904,0.6076684688749623
593,-0.032423677257736434,1.0,RBF,0.717,0.45514550693537803,-11.130493285816904,0.6076684688749623
594,0.6084500066470797,1.0,RBF,0.717,0.45514550693537803,-11.130493285816904,0.6076684688749623
595,0.5114687994080928,1.0,RBF,0.717,0.45514550693537803,-11.130493285816904,0.6076684688749623
596,0.16317408681834022,1.0,RBF,0.717,0.45514550693537803,-11.130493285816904,0.6076684688749623
597,-0.6817325860046614,1.0,RBF,0.717,0.45514550693537803,-11.130493285816904,0.6076684688749623
598,1.1731182728241922,-1.0,RBF,0.717,0.45514550693537803,-11.130493285816904,0.6076684688749623
599,1.3042643716356572,-1.0,RBF,0.717,0.45514550693537803,-11.130493285816904,0.6076684688749623
600,1.6824440084823507,-1.0,RBF,0.717,0.45514550693537803,-11.130493285816904,0.6076684688749623
601,0.6254753456701444,1.0,RBF,0.717,0.45514550693537803,-11.130493285816904,0.6076684688749623
602,-0.027944848534288875,1.0,RBF,0.717,0.45514550693537803,-11.130493285816904,0.6076684688749623
603,1.7360573339192176,1.0,RBF,0.717,0.45514550693537803,-11.130493285816904,0.6076684688749623
604,0.7449304284434738,1.0,RBF,0.717,0.45514550693537803,-11.130493285816904,0.6076684688749623
605,1.0494004703201563,-1.0,RBF,0.717,0.45514550693537803,-11.130493285816904,0.6076684688749623
606,0.7699346088512656,1.0,RBF,0.717,0.45514550693537803,-11.130493285816904,0.6076684688749623
607,-0.5213651264403015,1.0,RBF,0.717,0.45514550693537803,-11.130493285816904,0.6076684688749623
608,0.5997669787027056,1.0,RBF,0.717,0.45514550693537803,-11.130493285816904,0.6076684688749623
609,1.4610933203075331,-1.0,RBF,0.717,0.45514550693537803,-11.130493285816904,0.6076684688749623
610,2.144259737076809,-1.0,RBF,0.717,0.45514550693537803,-11.130493285816904,0.6076684688749623
611,0.727179141063766,-1.0,RBF,0.717,0.45514550693537803,-11.130493285816904,0.6076684688749623
612,-0.3440933678218308,1.0,RBF,0.717,0.45514550693537803,-11.130493285816904,0.6076684688749623
613,0.8668991923033798,1.0,RBF,0.717,0.45514550693537803,-11.130493285816904,0.6076684688749623
614,0.2774959500071375,1.0,RBF,0.717,0.45514550693537803,-11.130493285816904,0.6076684688749623
615,0.3168406011871291,1.0,RBF,0.717,0.45514550693537803,-11.130493285816904,0.6076684688749623
616,0.35479929704540186,1.0,RBF,0.717,0.45514550693537803,-11.130493285816904,0.6076684688749623
617,0.5480328626833729,1.0,RBF,0.717,0.45514550693537803,-11.130493285816904,0.6076684688749623
618,0.09858722097137362,-1.0,RBF,0.717,0.45514550693537803,-11.130493285816904,0.6076684688749623
619,1.5810244550003087,-1.0,RBF,0.717,0.45514550693537803,-11.130493285816904,0.6076684688749623
620,0.9229537414012485,-1.0,RBF,0.717,0.45514550693537803,-11.130493285816904,0.6076684688749623
621,-0.31822971427037383,1.0,RBF,0.717,0.45514550693537803,-11.130493285816904,0.6076684688749623
622,0.5196062173385834,1.0,RBF,0.717,0.45514550693537803,-11.130493285816904,0.6076684688749623
623,1.067705955010941,1.0,RBF,0.717,0.45514550693537803,-11.130493285816904,0.6076684688749623
624,0.24579575074646567,1.0,RBF,0.717,0.45514550693537803,-11.130493285816904,0.6076684688749623
625,0.8257003862186645,1.0,RBF,0.717,0.45514550693537803,-11.130493285816904,0.6076684688749623
626,0.7491741349011316,1.0,RBF,0.717,0.45514550693537803,-11.130493285816904,0.6076684688749623
627,-0.3566320812828481,1.0,RBF,0.717,0.45514550693537803,-11.130493285816904,0.6076684688749623
628,1.1277893102898986,1.0,RBF,0.717,0.45514550693537803,-11.130493285816904,0.6076684688749623
629,-0.11772137792291129,1.0,RBF,0.717,0.45514550693537803,-11.130493285816904,0.6076684688749623
630,0.8712693897864913,1.0,RBF,0.717,0.45514550693537803,-11.130493285816904,0.6076684688749623
631,2.140274670826383,-1.0,RBF,0.717,0.45514550693537803,-11.130493285816904,0.6076684688749623
632,0.8874650538114378,1.0,RBF,0.717,0.45514550693537803,-11.130493285816904,0.6076684688749623
633,2.0303219159951937,1.0,RBF,0.717,0.45514550693537803,-11.130493285816904,0.6076684688749623
634,0.9680767208677621,-1.0,RBF,0.717,0.45514550693537803,-11.130493285816904,0.6076684688749623
635,0.5184635460410703,1.0,RBF,0.717,0.45514550693537803,-11.130493285816904,0.6076684688749623
636,3.6500499836942075,-1.0,RBF,0.717,0.45514550693537803,-11.130493285816904,0.6076684688749623
637,2.263214681728611,1.0,RBF,0.717,0.45514550693537803,-11.130493285816904,0.6076684688749623
638,1.6802689761196785,1.0,RBF,0.717,0.45514550693537803,-11.130493285816904,0.6076684688749623
639,-0.03868209451565209,1.0,RBF,0.717,0.45514550693537803,-11.130493285816904,0.6076684688749623
640,0.4929347837160631,1.0,RBF,0.717,0.45514550693537803,-11.130493285816904,0.6076684688749623
641,1.0118385569802941,1.0,RBF,0.717,0.45514550693537803,-11.130493285816904,0.6076684688749623
642,0.2478811179274221,1.0,RBF,0.717,0.45514550693537803,-11.130493285816904,0.6076684688749623
643,1.1774556421678288,1.0,RBF,0.717,0.45514550693537803,-11.130493285816904,0.6076684688749623
644,0.9324911440232769,1.0,RBF,0.717,0.45514550693537803,-11.130493285816904,0.6076684688749623
645,0.9430361897265355,-1.0,RBF,0.717,0.45514550693537803,-11.130493285816904,0.6076684688749623
646,1.7921133152884188,1.0,RBF,0.717,0.45514550693537803,-11.130493285816904,0.6076684688749623
647,-0.7939523751075445,1.0,RBF,0.717,0.45514550693537803,-11.130493285816904,0.6076684688749623
648,-0.2598936992355324,1.0,RBF,0.717,0.45514550693537803,-11.130493285816904,0.6076684688749623
649,0.500173287135144,1.0,RBF,0.717,0.45514550693537803,-11.130493285816904,0.6076684688749623
650,2.1144081466028517,1.0,RBF,0.717,0.45514550693537803,-11.130493285816904,0.6076684688749623
651,0.8317099255760944,1.0,RBF,0.717,0.45514550693537803,-11.130493285816904,0.6076684688749623
652,-0.3227299446389392,1.0,RBF,0.717,0.45514550693537803,-11.130493285816904,0.6076684688749623
653,-0.47415617897225626,1.0,RBF,0.717,0.45514550693537803,-11.130493285816904,0.6076684688749623
654,0.7288638659874507,1.0,RBF,0.717,0.45514550693537803,-11.130493285816904,0.6076684688749623
655,1.1930435656796516,1.0,RBF,0.717,0.45514550693537803,-11.130493285816904,0.6076684688749623
656,0.3085078117538378,1.0,RBF,0.717,0.45514550693537803,-11.130493285816904,0.6076684688749623
657,5.257325012453313,-1.0,RBF,0.717,0.45514550693537803,-11.130493285816904,0.6076684688749623
658,1.3282823446590033,1.0,RBF,0.717,0.45514550693537803,-11.130493285816904,0.6076684688749623
659,-0.1389116469901551,1.0,RBF,0.717,0.45514550693537803,-11.130493285816904,0.6076684688749623
660,0.22010508913514074,-1.0,RBF,0.717,0.45514550693537803,-11.130493285816904,0.6076684688749623
661,0.4568163819974966,1.0,RBF,0.717,0.45514550693537803,-11.130493285816904,0.6076684688749623
662,0.577269104061873,1.0,RBF,0.717,0.45514550693537803,-11.130493285816904,0.6076684688749623
663,1.526948130829672,-1.0,RBF,0.717,0.45514550693537803,-11.130493285816904,0.6076684688749623
664,1.149011939514991,1.0,RBF,0.717,0.45514550693537803,-11.130493285816904,0.6076684688749623
665,0.8538051650887548,1.0,RBF,0.717,0.45514550693537803,-11.130493285816904,0.6076684688749623
666,-0.49630574048566833,1.0,RBF,0.717,0.45514550693537803,-11.130493285816904,0.6076684688749623
667,0.31901715797608676,1.0,RBF,0.717,0.45514550693537803,-11.130493285816904,0.6076684688749623
668,1.193072543832059,-1.0,RBF,0.717,0.45514550693537803,-11.130493285816904,0.6076684688749623
669,1.560772157298777,-1.0,RBF,0.717,0.45514550693537803,-11.130493285816904,0.6076684688749623
670,3.3331666436231457,-1.0,RBF,0.717,0.45514550693537803,-11.130493285816904,0.6076684688749623
671,0.9301833274960681,1.0,RBF,0.717,0.45514550693537803,-11.130493285816904,0.6076684688749623
672,-0.12591516147238246,1.0,RBF,0.717,0.45514550693537803,-11.130493285816904,0.6076684688749623
673,0.4565243035578924,1.0,RBF,0.717,0.45514550693537803,-11.130493285816904,0.6076684688749623
674,1.055462081495993,1.0,RBF,0.717,0.45514550693537803,-11.130493285816904,0.6076684688749623
675,1.1035512311053846,1.0,RBF,0.717,0.45514550693537803,-11.130493285816904,0.6076684688749623
676,0.9736306506540315,1.0,RBF,0.717,0.45514550693537803,-11.130493285816904,0.6076684688749623
677,1.431014809487373,-1.0,RBF,0.717,0.45514550693537803,-11.130493285816904,0.6076684688749623
678,3.6547401275776092,1.0,RBF,0.717,0.45514550693537803,-11.130493285816904,0.6076684688749623
679,0.37776920404883707,1.0,RBF,0.717,0.45514550693537803,-11.130493285816904,0.6076684688749623
680,0.6112536124239557,1.0,RBF,0.717,0.45514550693537803,-11.130493285816904,0.6076684688749623
681,1.2190417661725212,1.0,RBF,0.717,0.45514550693537803,-11.130493285816904,0.6076684688749623
682,0.7188873479671938,1.0,RBF,0.717,0.45514550693537803,-11.130493285816904,0.6076684688749623
683,0.25203850925718896,1.0,RBF,0.717,0.45514550693537803,-11.130493285816904,0.6076684688749623
684,1.2330257437033834,-1.0,RBF,0.717,0.45514550693537803,-11.130493285816904,0.6076684688749623
685,1.1779920907051693,1.0,RBF,0.717,0.45514550693537803,-11.130493285816904,0.6076684688749623
686,0.006674534202035111,1.0,RBF,0.717,0.45514550693537803,-11.130493285816904,0.6076684688749623
687,0.6534604311884217,1.0,RBF,0.717,0.45514550693537803,-11.130493285816904,0.6076684688749623
688,2.0243352585818353,-1.0,RBF,0.717,0.45514550693537803,-11.130493285816904,0.6076684688749623
689,1.9178395105717427,-1.0,RBF,0.717,0.45514550693537803,-11.130493285816904,0.6076684688749623
690,-0.6617624811537789,1.0,RBF,0.717,0.45514550693537803,-11.130493285816904,0.6076684688749623
691,0.8651876074281628,1.0,RBF,0.717,0.45514550693537803,-11.130493285816904,0.6076684688749623
692,2.7743555245660354,-1.0,RBF,0.717,0.45514550693537803,-11.130493285816904,0.6076684688749623
693,1.4504376299309267,-1.0,RBF,0.717,0.45514550693537803,-11.130493285816904,0.6076684688749623
694,2.043281242975324,-1.0,RBF,0.717,0.45514550693537803,-11.130493285816904,0.6076684688749623
695,0.6448847239517658,1.0,RBF,0.717,0.45514550693537803,-11.130493285816904,0.6076684688749623
696,0.2039881607314371,1.0,RBF,0.717,0.45514550693537803,-11.130493285816904,0.6076684688749623
697,2.0292675952562136,1.0,RBF,0.717,0.45514550693537803,-11.130493285816904,0.6076684688749623
698,-0.06589735205234351,1.0,RBF,0.717,0.45514550693537803,-11.130493285816904,0.6076684688749623
699,1.4575142221839974,1.0,RBF,0.717,0.45514550693537803,-11.130493285816904,0.6076684688749623
700,1.111427828629434,1.0,RBF,0.717,0.45514550693537803,-11.130493285816904,0.6076684688749623
701,1.9593000613739315,-1.0,RBF,0.717,0.45514550693537803,-11.130493285816904,0.6076684688749623
702,0.6591481410100227,1.0,RBF,0.717,0.45514550693537803,-11.130493285816904,0.6076684688749623
703,2.6983876485169844,1.0,RBF,0.717,0.45514550693537803,-11.130493285816904,0.6076684688749623
704,0.6128002030341265,1.0,RBF,0.717,0.45514550693537803,-11.130493285816904,0.6076684688749623
705,3.3882647762604634,-1.0,RBF,0.717,0.45514550693537803,-11.130493285816904,0.6076684688749623
706,0.9151689764311531,1.0,RBF,0.717,0.45514550693537803,-11.130493285816904,0.6076684688749623
707,0.810805569632737,1.0,RBF,0.717,0.45514550693537803,-11.130493285816904,0.6076684688749623
708,0.8125693950352902,1.0,RBF,0.717,0.45514550693537803,-11.130493285816904,0.6076684688749623
709,0.8445285738496645,1.0,RBF,0.717,0.45514550693537803,-11.130493285816904,0.6076684688749623
710,1.6918243149076544,1.0,RBF,0.717,0.45514550693537803,-11.130493285816904,0.6076684688749623
711,0.8827113946972557,-1.0,RBF,0.717,0.45514550693537803,-11.130493285816904,0.6076684688749623
712,1.5473908784221115,-1.0,RBF,0.717,0.45514550693537803,-11.130493285816904,0.6076684688749623
713,0.6443579824319735,1.0,RBF,0.717,0.45514550693537803,-11.130493285816904,0.6076684688749623
714,0.6369153310687745,1.0,RBF,0.717,0.45514550693537803,-11.130493285816904,0.6076684688749623
715,1.8103085816267408,-1.0,RBF,0.717,0.45514550693537803,-11.130493285816904,0.6076684688749623
716,1.428566307896742,1.0,RBF,0.717,0.45514550693537803,-11.130493285816904,0.6076684688749623
717,0.903703801354114,1.0,RBF,0.717,0.45514550693537803,-11.130493285816904,0.6076684688749623
718,0.5232115278095878,-1.0,RBF,0.717,0.45514550693537803,-11.130493285816904,0.6076684688749623
719,2.3375232742335417,-1.0,RBF,0.717,0.45514550693537803,-11.130493285816904,0.6076684688749623
720,1.3455946531509009,1.0,RBF,0.717,0.45514550693537803,-11.130493285816904,0.6076684688749623
721,0.4166668769462166,1.0,RBF,0.717,0.45514550693537803,-11.130493285816904,0.6076684688749623
722,0.37399098494926053,-1.0,RBF,0.717,0.45514550693537803,-11.130493285816904,0.6076684688749623
723,0.3503650600462661,1.0,RBF,0.717,0.45514550693537803,-11.130493285816904,0.6076684688749623
724,-0.17509362854322683,1.0,RBF,0.717,0.45514550693537803,-11.130493285816904,0.6076684688749623
725,2.0135656050640294,-1.0,RBF,0.717,0.45514550693537803,-11.130493285816904,0.6076684688749623
726,0.07147264065505478,1.0,RBF,0.717,0.45514550693537803,-11.130493285816904,0.6076684688749623
727,0.39792194756793847,1.0,RBF,0.717,0.45514550693537803,-11.130493285816904,0.6076684688749623
728,2.4874662941126546,1.0,RBF,0.717,0.45514550693537803,-11.130493285816904,0.6076684688749623
729,0.4496632514541083,1.0,RBF,0.717,0.45514550693537803,-11.130493285816904,0.6076684688749623
730,0.9602170100835171,1.0,RBF,0.717,0.45514550693537803,-11.130493285816904,0.6076684688749623
731,0.4484254123535582,1.0,RBF,0.717,0.45514550693537803,-11.130493285816904,0.6076684688749623
732,0.409371279264223,1.0,RBF,0.717,0.45514550693537803,-11.130493285816904,0.6076684688749623
733,0.06741308678543899,1.0,RBF,0.717,0.45514550693537803,-11.130493285816904,0.6076684688749623
734,2.385380429044105,-1.0,RBF,0.717,0.45514550693537803,-11.130493285816904,0.6076684688749623
735,0.4355205004400754,-1.0,RBF,0.717,0.45514550693537803,-11.130493285816904,0.6076684688749623
736,0.32294847112109143,1.0,RBF,0.717,0.45514550693537803,-11.130493285816904,0.6076684688749623
737,0.7863004085529761,1.0,RBF,0.717,0.45514550693537803,-11.130493285816904,0.6076684688749623
738,1.4354112377014896,-1.0,RBF,0.717,0.45514550693537803,-11.130493285816904,0.6076684688749623
739,1.759413864985174,-1.0,RBF,0.717,0.45514550693537803,-11.130493285816904,0.6076684688749623
740,1.8613498999186167,-1.0,RBF,0.717,0.45514550693537803,-11.130493285816904,0.6076684688749623
741,0.7207453232737929,1.0,RBF,0.717,0.45514550693537803,-11.130493285816904,0.6076684688749623
742,1.1046415154803304,1.0,RBF,0.717,0.45514550693537803,-11.130493285816904,0.6076684688749623
743,0.0009902735023211093,1.0,RBF,0.717,0.45514550693537803,-11.130493285816904,0.6076684688749623
744,-0.7581706211051614,1.0,RBF,0.717,0.45514550693537803,-11.130493285816904,0.6076684688749623
745,2.4006314647810614,-1.0,RBF,0.717,0.45514550693537803,-11.130493285816904,0.6076684688749623
746,0.2688731736708419,-1.0,RBF,0.717,0.45514550693537803,-11.130493285816904,0.6076684688749623
747,0.7133042310692187,-1.0,RBF,0.717,0.45514550693537803,-11.130493285816904,0.6076684688749623
748,0.49269298266298,1.0,RBF,0.717,0.45514550693537803,-11.130493285816904,0.6076684688749623
749,1.9096472044342343,-1.0,RBF,0.717,0.45514550693537803,-11.130493285816904,0.6076684688749623
750,1.7140180602577013,1.0,RBF,0.717,0.45514550693537803,-11.130493285816904,0.6076684688749623
751,0.9409120776074223,1.0,RBF,0.717,0.45514550693537803,-11.130493285816904,0.6076684688749623
752,0.6949711205366836,1.0,RBF,0.717,0.45514550693537803,-11.130493285816904,0.6076684688749623
753,1.006705133274595,1.0,RBF,0.717,0.45514550693537803,-11.130493285816904,0.6076684688749623
754,0.8533183554025533,1.0,RBF,0.717,0.45514550693537803,-11.130493285816904,0.6076684688749623
755,1.6515257378685775,1.0,RBF,0.717,0.45514550693537803,-11.130493285816904,0.6076684688749623
756,2.368865305139678,-1.0,RBF,0.717,0.45514550693537803,-11.130493285816904,0.6076684688749623
757,0.870623318750624,1.0,RBF,0.717,0.45514550693537803,-11.130493285816904,0.6076684688749623
758,1.006822717992357,-1.0,RBF,0.717,0.45514550693537803,-11.130493285816904,0.6076684688749623
759,2.2315924503324727,1.0,RBF,0.717,0.45514550693537803,-11.130493285816904,0.6076684688749623
760,2.9817191465517614,-1.0,RBF,0.717,0.45514550693537803,-11.130493285816904,0.6076684688749623
761,1.818902891421598,1.0,RBF,0.717,0.45514550693537803,-11.130493285816904,0.6076684688749623
762,-0.4279928704592517,1.0,RBF,0.717,0.45514550693537803,-11.130493285816904,0.6076684688749623
763,1.9697240246694752,-1.0,RBF,0.717,0.45514550693537803,-11.130493285816904,0.6076684688749623
764,0.2275913387071329,-1.0,RBF,0.717,0.45514550693537803,-11.130493285816904,0.6076684688749623
765,0.2371492433353592,1.0,RBF,0.717,0.45514550693537803,-11.130493285816904,0.6076684688749623
766,1.4366822546803326,-1.0,RBF,0.717,0.45514550693537803,-11.130493285816904,0.6076684688749623
767,1.9607406103289238,1.0,RBF,0.717,0.45514550693537803,-11.130493285816904,0.6076684688749623
768,-0.22712828565220364,1.0,RBF,0.717,0.45514550693537803,-11.130493285816904,0.6076684688749623
769,-0.5723201386911052,1.0,RBF,0.717,0.45514550693537803,-11.130493285816904,0.6076684688749623
770,0.28396871313560257,1.0,RBF,0.717,0.45514550693537803,-11.130493285816904,0.6076684688749623
771,0.8788215136785527,-1.0,RBF,0.717,0.45514550693537803,-11.130493285816904,0.6076684688749623
772,-0.44267057222834183,1.0,RBF,0.717,0.45514550693537803,-11.130493285816904,0.6076684688749623
773,0.8629235452985629,-1.0,RBF,0.717,0.45514550693537803,-11.130493285816904,0.6076684688749623
774,1.0935461464776466,1.0,RBF,0.717,0.45514550693537803,-11.130493285816904,0.6076684688749623
775,1.0582256595061175,-1.0,RBF,0.717,0.45514550693537803,-11.130493285816904,0.6076684688749623
776,0.6005004169650267,1.0,RBF,0.717,0.45514550693537803,-11.130493285816904,0.6076684688749623
777,-0.18031088200005735,1.0,RBF,0.717,0.45514550693537803,-11.130493285816904,0.6076684688749623
778,2.512764118944905,-1.0,RBF,0.717,0.45514550693537803,-11.130493285816904,0.6076684688749623
779,1.3247506467587622,-1.0,RBF,0.717,0.45514550693537803,-11.130493285816904,0.6076684688749623
780,0.7079142996963762,1.0,RBF,0.717,0.45514550693537803,-11.130493285816904,0.6076684688749623
781,1.250872254908347,1.0,RBF,0.717,0.45514550693537803,-11.130493285816904,0.6076684688749623
782,-0.4319983653941294,1.0,RBF,0.717,0.45514550693537803,-11.130493285816904,0.6076684688749623
783,0.25855294559356257,1.0,RBF,0.717,0.45514550693537803,-11.130493285816904,0.6076684688749623
784,0.9926781495384202,1.0,RBF,0.717,0.45514550693537803,-11.130493285816904,0.6076684688749623
785,0.5502777681438048,-1.0,RBF,0.717,0.45514550693537803,-11.130493285816904,0.6076684688749623
786,3.130894745064392,1.0,RBF,0.717,0.45514550693537803,-11.130493285816904,0.6076684688749623
787,0.11681972163696062,1.0,RBF,0.717,0.45514550693537803,-11.130493285816904,0.6076684688749623
788,0.20051647067234613,1.0,RBF,0.717,0.45514550693537803,-11.130493285816904,0.6076684688749623
789,0.13447221252869906,-1.0,RBF,0.717,0.45514550693537803,-11.130493285816904,0.6076684688749623
790,0.6883309036097628,1.0,RBF,0.717,0.45514550693537803,-11.130493285816904,0.6076684688749623
791,2.093322088790714,-1.0,RBF,0.717,0.45514550693537803,-11.130493285816904,0.6076684688749623
792,-0.2626573361806569,1.0,RBF,0.717,0.45514550693537803,-11.130493285816904,0.6076684688749623
793,2.3674705196237746,-1.0,RBF,0.717,0.45514550693537803,-11.130493285816904,0.6076684688749623
794,0.12806617112355848,1.0,RBF,0.717,0.45514550693537803,-11.130493285816904,0.6076684688749623
795,1.7501087738160055,-1.0,RBF,0.717,0.45514550693537803,-11.130493285816904,0.6076684688749623
796,1.5587482184467794,1.0,RBF,0.717,0.45514550693537803,-11.130493285816904,0.6076684688749623
797,0.2738692664283851,1.0,RBF,0.717,0.45514550693537803,-11.130493285816904,0.6076684688749623
798,2.9144000681339532,-1.0,RBF,0.717,0.45514550693537803,-11.130493285816904,0.6076684688749623
799,0.4399418051755839,1.0,RBF,0.717,0.45514550693537803,-11.130493285816904,0.6076684688749623
